sample_index,root-cause(s),Root1,Root2,Root3
670,rootcause3,0,0,1
673,rootcause3,0,0,1
675,rootcause3,0,0,1
684,rootcause3,0,0,1
690,rootcause3,0,0,1
694,rootcause3,0,0,1
696,rootcause3,0,0,1
700,rootcause3,0,0,1
703,rootcause3,0,0,1
704,rootcause3,0,0,1
712,rootcause3,0,0,1
717,rootcause3,0,0,1
720,rootcause3,0,0,1
721,rootcause3,0,0,1
730,rootcause3,0,0,1
735,rootcause3,0,0,1
737,rootcause3,0,0,1
745,rootcause3,0,0,1
768,rootcause3,0,0,1
770,rootcause3,0,0,1
771,rootcause3,0,0,1
781,rootcause3,0,0,1
782,rootcause3,0,0,1
787,rootcause3,0,0,1
791,rootcause3,0,0,1
798,rootcause3,0,0,1
814,rootcause3,0,0,1
816,rootcause3,0,0,1
827,rootcause3,0,0,1
834,rootcause3,0,0,1
836,rootcause3,0,0,1
843,rootcause2&rootcause3,0,1,1
846,rootcause3,0,0,1
852,rootcause3,0,0,1
868,rootcause3,0,0,1
870,rootcause3,0,0,1
871,rootcause3,0,0,1
877,rootcause3,0,0,1
883,rootcause3,0,0,1
890,rootcause3,0,0,1
896,rootcause3,0,0,1
901,rootcause3,0,0,1
913,rootcause3,0,0,1
914,rootcause1,1,0,0
915,rootcause1,1,0,0
916,rootcause1,1,0,0
917,rootcause1,1,0,0
918,rootcause1,1,0,0
919,rootcause1,1,0,0
920,rootcause1,1,0,0
921,rootcause1,1,0,0
922,rootcause1,1,0,0
924,rootcause1,1,0,0
925,rootcause1,1,0,0
926,rootcause1,1,0,0
927,rootcause1,1,0,0
928,rootcause1,1,0,0
929,rootcause1,1,0,0
959,rootcause3,0,0,1
965,rootcause3,0,0,1
966,rootcause3,0,0,1
967,rootcause3,0,0,1
968,rootcause3,0,0,1
970,rootcause3,0,0,1
972,rootcause3,0,0,1
979,rootcause3,0,0,1
980,rootcause2&rootcause3,0,1,1
991,rootcause1,1,0,0
993,rootcause1,1,0,0
997,rootcause3,0,0,1
1004,rootcause3,0,0,1
1007,rootcause1,1,0,0
1009,rootcause3,0,0,1
1021,rootcause1,1,0,0
1022,rootcause2&rootcause3,0,1,1
1033,rootcause3,0,0,1
1034,rootcause1,1,0,0
1037,rootcause1,1,0,0
1045,rootcause3,0,0,1
1050,rootcause3,0,0,1
1077,rootcause3,0,0,1
1079,rootcause3,0,0,1
1084,rootcause3,0,0,1
1085,rootcause3,0,0,1
1093,rootcause2&rootcause3,0,1,1
1113,rootcause3,0,0,1
1119,rootcause3,0,0,1
1124,rootcause3,0,0,1
1130,rootcause3,0,0,1
1142,rootcause1,1,0,0
1145,rootcause3,0,0,1
1159,rootcause3,0,0,1
1162,rootcause3,0,0,1
1168,rootcause3,0,0,1
1169,rootcause3,0,0,1
1170,rootcause3,0,0,1
1171,rootcause1,1,0,0
1184,rootcause2&rootcause3,0,1,1
1202,rootcause3,0,0,1
1208,rootcause3,0,0,1
1213,rootcause3,0,0,1
1214,rootcause3,0,0,1
1221,rootcause3,0,0,1
1226,rootcause3,0,0,1
1234,rootcause3,0,0,1
1239,rootcause3,0,0,1
1240,rootcause3,0,0,1
1246,rootcause3,0,0,1
1250,rootcause1,1,0,0
1251,rootcause1,1,0,0
1252,rootcause1,1,0,0
1255,rootcause1,1,0,0
1257,rootcause1,1,0,0
1258,rootcause1,1,0,0
1278,rootcause3,0,0,1
1283,rootcause3,0,0,1
1301,rootcause3,0,0,1
1342,rootcause3,0,0,1
1367,rootcause3,0,0,1
1372,rootcause3,0,0,1
1378,rootcause3,0,0,1
1380,rootcause1,1,0,0
1382,rootcause3,0,0,1
1388,rootcause3,0,0,1
1394,rootcause2&rootcause3,0,1,1
1397,rootcause2&rootcause3,0,1,1
1401,rootcause3,0,0,1
1402,rootcause2&rootcause3,0,1,1
1403,rootcause3,0,0,1
1406,rootcause3,0,0,1
1414,rootcause1,1,0,0
1415,rootcause3,0,0,1
1418,rootcause3,0,0,1
1424,rootcause3,0,0,1
1426,rootcause3,0,0,1
1428,rootcause3,0,0,1
1429,rootcause3,0,0,1
1430,rootcause3,0,0,1
1436,rootcause3,0,0,1
1439,rootcause3,0,0,1
1440,rootcause3,0,0,1
1446,rootcause3,0,0,1
1461,rootcause3,0,0,1
1466,rootcause3,0,0,1
1471,rootcause3,0,0,1
1481,rootcause2&rootcause3,0,1,1
1490,rootcause1,1,0,0
1492,rootcause3,0,0,1
1495,rootcause3,0,0,1
1503,rootcause3,0,0,1
1504,rootcause3,0,0,1
1513,rootcause3,0,0,1
1515,rootcause2&rootcause3,0,1,1
1531,rootcause2&rootcause3,0,1,1
1540,rootcause1,1,0,0
1547,rootcause1,1,0,0
1573,rootcause1,1,0,0
1574,rootcause3,0,0,1
1577,rootcause2&rootcause3,0,1,1
1579,rootcause3,0,0,1
1588,rootcause3,0,0,1
1622,rootcause3,0,0,1
1629,rootcause2&rootcause3,0,1,1
1650,rootcause2&rootcause3,0,1,1
1662,rootcause2&rootcause3,0,1,1
1664,rootcause3,0,0,1
1667,rootcause2&rootcause3,0,1,1
1668,rootcause2&rootcause3,0,1,1
1672,rootcause2&rootcause3,0,1,1
1675,rootcause2&rootcause3,0,1,1
1681,rootcause2&rootcause3,0,1,1
1715,rootcause3,0,0,1
1720,rootcause2&rootcause3,0,1,1
1721,rootcause2&rootcause3,0,1,1
1733,rootcause2&rootcause3,0,1,1
1735,rootcause2&rootcause3,0,1,1
1741,rootcause2&rootcause3,0,1,1
1750,rootcause3,0,0,1
1751,rootcause2&rootcause3,0,1,1
1756,rootcause3,0,0,1
1757,rootcause3,0,0,1
1758,rootcause2,0,1,0
1759,rootcause2&rootcause3,0,1,1
1760,rootcause3,0,0,1
1761,rootcause2&rootcause3,0,1,1
1762,rootcause3,0,0,1
1763,rootcause3,0,0,1
1764,rootcause3,0,0,1
1765,rootcause3,0,0,1
1766,rootcause3,0,0,1
1767,rootcause3,0,0,1
1768,rootcause3,0,0,1
1769,rootcause3,0,0,1
1770,rootcause3,0,0,1
1771,rootcause3,0,0,1
1772,rootcause3,0,0,1
1773,rootcause3,0,0,1
1774,rootcause3,0,0,1
1775,rootcause3,0,0,1
1776,rootcause2&rootcause3,0,1,1
1777,rootcause3,0,0,1
1778,rootcause3,0,0,1
1779,rootcause3,0,0,1
1780,rootcause2&rootcause3,0,1,1
1781,rootcause1,1,0,0
1782,rootcause3,0,0,1
1783,rootcause3,0,0,1
1784,rootcause3,0,0,1
1785,rootcause3,0,0,1
1786,rootcause1,1,0,0
1787,rootcause3,0,0,1
1788,rootcause3,0,0,1
1789,rootcause3,0,0,1
1790,rootcause3,0,0,1
1791,rootcause3,0,0,1
1792,rootcause3,0,0,1
1793,rootcause3,0,0,1
1794,rootcause3,0,0,1
1795,rootcause3,0,0,1
1796,rootcause3,0,0,1
1797,rootcause3,0,0,1
1798,rootcause3,0,0,1
1799,rootcause3,0,0,1
1800,rootcause3,0,0,1
1801,rootcause3,0,0,1
1802,rootcause3,0,0,1
1803,rootcause3,0,0,1
1804,rootcause3,0,0,1
1805,rootcause3,0,0,1
1806,rootcause3,0,0,1
1807,rootcause3,0,0,1
1808,rootcause3,0,0,1
1809,rootcause3,0,0,1
1810,rootcause3,0,0,1
1811,rootcause3,0,0,1
1812,rootcause3,0,0,1
1813,rootcause3,0,0,1
1814,rootcause3,0,0,1
1815,rootcause3,0,0,1
1816,rootcause3,0,0,1
1817,rootcause3,0,0,1
1818,rootcause3,0,0,1
1819,rootcause3,0,0,1
1820,rootcause3,0,0,1
1821,rootcause3,0,0,1
1822,rootcause3,0,0,1
1823,rootcause1,1,0,0
1824,rootcause1,1,0,0
1825,rootcause1,1,0,0
1826,rootcause3,0,0,1
1827,rootcause3,0,0,1
1828,rootcause3,0,0,1
1829,rootcause3,0,0,1
1830,rootcause3,0,0,1
1831,rootcause3,0,0,1
1832,rootcause3,0,0,1
1833,rootcause3,0,0,1
1834,rootcause3,0,0,1
1835,rootcause3,0,0,1
1836,rootcause3,0,0,1
1837,rootcause3,0,0,1
1838,rootcause3,0,0,1
1839,rootcause3,0,0,1
1840,rootcause3,0,0,1
1841,rootcause3,0,0,1
1842,rootcause3,0,0,1
1843,rootcause1,1,0,0
1844,rootcause3,0,0,1
1845,rootcause3,0,0,1
1846,rootcause1,1,0,0
1847,rootcause3,0,0,1
1848,rootcause3,0,0,1
1849,rootcause3,0,0,1
1850,rootcause3,0,0,1
1851,rootcause3,0,0,1
1852,rootcause1,1,0,0
1853,rootcause3,0,0,1
1854,rootcause3,0,0,1
1855,rootcause3,0,0,1
1856,rootcause2&rootcause3,0,1,1
1857,rootcause2&rootcause3,0,1,1
1858,rootcause2,0,1,0
1859,rootcause3,0,0,1
1860,rootcause3,0,0,1
1861,rootcause2&rootcause3,0,1,1
1862,rootcause3,0,0,1
1863,rootcause3,0,0,1
1864,rootcause3,0,0,1
1865,rootcause2&rootcause3,0,1,1
1866,rootcause3,0,0,1
1867,rootcause3,0,0,1
1868,rootcause3,0,0,1
1869,rootcause3,0,0,1
1870,rootcause3,0,0,1
1871,rootcause3,0,0,1
1872,rootcause2&rootcause3,0,1,1
1873,rootcause3,0,0,1
1874,rootcause3,0,0,1
1875,rootcause3,0,0,1
1876,rootcause2&rootcause3,0,1,1
1877,rootcause3,0,0,1
1878,rootcause1,1,0,0
1879,rootcause1,1,0,0
1880,rootcause3,0,0,1
1881,rootcause3,0,0,1
1882,rootcause3,0,0,1
1883,rootcause1,1,0,0
1884,rootcause1,1,0,0
1885,rootcause3,0,0,1
1886,rootcause3,0,0,1
1887,rootcause1,1,0,0
1888,rootcause1,1,0,0
1889,rootcause3,0,0,1
1890,rootcause3,0,0,1
1891,rootcause3,0,0,1
1892,rootcause3,0,0,1
1893,rootcause3,0,0,1
1894,rootcause3,0,0,1
1895,rootcause3,0,0,1
1896,rootcause3,0,0,1
1897,rootcause3,0,0,1
1898,rootcause3,0,0,1
1899,rootcause3,0,0,1
1900,rootcause3,0,0,1
1901,rootcause3,0,0,1
1902,rootcause3,0,0,1
1903,rootcause3,0,0,1
1904,rootcause1,1,0,0
1905,rootcause3,0,0,1
1906,rootcause3,0,0,1
1907,rootcause3,0,0,1
1908,rootcause3,0,0,1
1909,rootcause3,0,0,1
1910,rootcause3,0,0,1
1911,rootcause3,0,0,1
1912,rootcause3,0,0,1
1913,rootcause1,1,0,0
1914,rootcause1,1,0,0
1915,rootcause3,0,0,1
1916,rootcause3,0,0,1
1917,rootcause3,0,0,1
1918,rootcause1,1,0,0
1919,rootcause3,0,0,1
1920,rootcause3,0,0,1
1921,rootcause3,0,0,1
1922,rootcause2&rootcause3,0,1,1
1923,rootcause2&rootcause3,0,1,1
1924,rootcause1,1,0,0
1925,rootcause2&rootcause3,0,1,1
1926,rootcause3,0,0,1
1927,rootcause2&rootcause3,0,1,1
1928,rootcause2&rootcause3,0,1,1
1929,rootcause3,0,0,1
1930,rootcause3,0,0,1
1931,rootcause1,1,0,0
1932,rootcause3,0,0,1
1933,rootcause3,0,0,1
1934,rootcause3,0,0,1
1935,rootcause3,0,0,1
1936,rootcause2&rootcause3,0,1,1
1937,rootcause1,1,0,0
1938,rootcause1,1,0,0
1939,rootcause3,0,0,1
1940,rootcause3,0,0,1
1941,rootcause3,0,0,1
1942,rootcause3,0,0,1
1943,rootcause3,0,0,1
1944,rootcause3,0,0,1
1945,rootcause3,0,0,1
1946,rootcause3,0,0,1
1947,rootcause3,0,0,1
1948,rootcause3,0,0,1
1949,rootcause3,0,0,1
1950,rootcause3,0,0,1
1951,rootcause3,0,0,1
1952,rootcause3,0,0,1
1953,rootcause3,0,0,1
1954,rootcause3,0,0,1
1955,rootcause3,0,0,1
1956,rootcause3,0,0,1
1957,rootcause3,0,0,1
1958,rootcause1,1,0,0
1959,rootcause3,0,0,1
1960,rootcause3,0,0,1
1961,rootcause3,0,0,1
1962,rootcause3,0,0,1
1963,rootcause3,0,0,1
1964,rootcause3,0,0,1
1965,rootcause3,0,0,1
1966,rootcause3,0,0,1
1967,rootcause3,0,0,1
1968,rootcause3,0,0,1
1969,rootcause3,0,0,1
1970,rootcause3,0,0,1
1971,rootcause3,0,0,1
1972,rootcause3,0,0,1
1973,rootcause1,1,0,0
1974,rootcause3,0,0,1
1975,rootcause3,0,0,1
1976,rootcause2&rootcause3,0,1,1
1977,rootcause3,0,0,1
1978,rootcause3,0,0,1
1979,rootcause3,0,0,1
1980,rootcause2,0,1,0
1981,rootcause1,1,0,0
1982,rootcause2&rootcause3,0,1,1
1983,rootcause3,0,0,1
1984,rootcause3,0,0,1
1985,rootcause3,0,0,1
1986,rootcause3,0,0,1
1987,rootcause3,0,0,1
1988,rootcause1,1,0,0
1989,rootcause1,1,0,0
1990,rootcause3,0,0,1
1991,rootcause3,0,0,1
1992,rootcause1,1,0,0
1993,rootcause1,1,0,0
1994,rootcause1,1,0,0
1995,rootcause1,1,0,0
1996,rootcause3,0,0,1
1997,rootcause3,0,0,1
1998,rootcause3,0,0,1
1999,rootcause3,0,0,1
2000,rootcause3,0,0,1
2001,rootcause3,0,0,1
2002,rootcause3,0,0,1
2003,rootcause3,0,0,1
2004,rootcause3,0,0,1
2005,rootcause3,0,0,1
2006,rootcause1,1,0,0
2007,rootcause3,0,0,1
2008,rootcause3,0,0,1
2009,rootcause3,0,0,1
2010,rootcause3,0,0,1
2011,rootcause3,0,0,1
2012,rootcause3,0,0,1
2013,rootcause3,0,0,1
2014,rootcause3,0,0,1
2015,rootcause1,1,0,0
2016,rootcause3,0,0,1
2017,rootcause3,0,0,1
2018,rootcause3,0,0,1
2019,rootcause3,0,0,1
2020,rootcause3,0,0,1
2021,rootcause3,0,0,1
2022,rootcause3,0,0,1
2023,rootcause3,0,0,1
2024,rootcause3,0,0,1
2025,rootcause3,0,0,1
2026,rootcause3,0,0,1
2027,rootcause3,0,0,1
2028,rootcause3,0,0,1
2029,rootcause3,0,0,1
2030,rootcause3,0,0,1
2031,rootcause2&rootcause3,0,1,1
2032,rootcause3,0,0,1
2033,rootcause3,0,0,1
2034,rootcause3,0,0,1
2035,rootcause2,0,1,0
2036,rootcause2&rootcause3,0,1,1
2037,rootcause3,0,0,1
2038,rootcause3,0,0,1
2039,rootcause3,0,0,1
2040,rootcause1,1,0,0
2041,rootcause1,1,0,0
2042,rootcause3,0,0,1
2043,rootcause1,1,0,0
2044,rootcause3,0,0,1
2045,rootcause3,0,0,1
2046,rootcause3,0,0,1
2047,rootcause3,0,0,1
2048,rootcause3,0,0,1
2049,rootcause3,0,0,1
2050,rootcause3,0,0,1
2051,rootcause3,0,0,1
2052,rootcause3,0,0,1
2053,rootcause3,0,0,1
2054,rootcause3,0,0,1
2055,rootcause3,0,0,1
2056,rootcause3,0,0,1
2057,rootcause3,0,0,1
2058,rootcause3,0,0,1
2059,rootcause3,0,0,1
2060,rootcause3,0,0,1
2061,rootcause3,0,0,1
2062,rootcause3,0,0,1
2063,rootcause3,0,0,1
2064,rootcause3,0,0,1
2065,rootcause3,0,0,1
2066,rootcause3,0,0,1
2067,rootcause1,1,0,0
2068,rootcause3,0,0,1
2069,rootcause3,0,0,1
2070,rootcause2&rootcause3,0,1,1
2071,rootcause2&rootcause3,0,1,1
2072,rootcause2&rootcause3,0,1,1
2073,rootcause3,0,0,1
2074,rootcause1,1,0,0
2075,rootcause3,0,0,1
2076,rootcause3,0,0,1
2077,rootcause3,0,0,1
2078,rootcause2,0,1,0
2079,rootcause2,0,1,0
2080,rootcause2&rootcause3,0,1,1
2081,rootcause2&rootcause3,0,1,1
2082,rootcause2&rootcause3,0,1,1
2083,rootcause2,0,1,0
2084,rootcause2&rootcause3,0,1,1
2085,rootcause3,0,0,1
2086,rootcause3,0,0,1
2087,rootcause3,0,0,1
2088,rootcause3,0,0,1
2089,rootcause1,1,0,0
2090,rootcause1,1,0,0
2091,rootcause3,0,0,1
2092,rootcause3,0,0,1
2093,rootcause1,1,0,0
2094,rootcause3,0,0,1
2095,rootcause3,0,0,1
2096,rootcause3,0,0,1
2097,rootcause3,0,0,1
2098,rootcause3,0,0,1
2099,rootcause3,0,0,1
2100,rootcause3,0,0,1
2101,rootcause3,0,0,1
2102,rootcause3,0,0,1
2103,rootcause3,0,0,1
2104,rootcause3,0,0,1
2105,rootcause1,1,0,0
2106,rootcause3,0,0,1
2107,rootcause3,0,0,1
2108,rootcause3,0,0,1
2109,rootcause3,0,0,1
2110,rootcause3,0,0,1
2111,rootcause3,0,0,1
2112,rootcause3,0,0,1
2113,rootcause3,0,0,1
2114,rootcause3,0,0,1
2115,rootcause3,0,0,1
2116,rootcause3,0,0,1
2117,rootcause3,0,0,1
2118,rootcause3,0,0,1
2119,rootcause3,0,0,1
2120,rootcause3,0,0,1
2121,rootcause3,0,0,1
2122,rootcause3,0,0,1
2123,rootcause3,0,0,1
2124,rootcause3,0,0,1
2125,rootcause1,1,0,0
2126,rootcause3,0,0,1
2127,rootcause3,0,0,1
2128,rootcause3,0,0,1
2129,rootcause3,0,0,1
2130,rootcause1,1,0,0
2131,rootcause3,0,0,1
2132,rootcause3,0,0,1
2133,rootcause3,0,0,1
2134,rootcause3,0,0,1
2135,rootcause2&rootcause3,0,1,1
2136,rootcause3,0,0,1
2137,rootcause2&rootcause3,0,1,1
2138,rootcause2&rootcause3,0,1,1
2139,rootcause3,0,0,1
2140,rootcause3,0,0,1
2141,rootcause3,0,0,1
2142,rootcause3,0,0,1
2143,rootcause3,0,0,1
2144,rootcause3,0,0,1
2145,rootcause3,0,0,1
2146,rootcause2&rootcause3,0,1,1
2147,rootcause2&rootcause3,0,1,1
2148,rootcause3,0,0,1
2149,rootcause3,0,0,1
2150,rootcause2&rootcause3,0,1,1
2151,rootcause3,0,0,1
2152,rootcause1,1,0,0
2153,rootcause3,0,0,1
2154,rootcause3,0,0,1
2155,rootcause3,0,0,1
2156,rootcause3,0,0,1
2157,rootcause3,0,0,1
2158,rootcause3,0,0,1
2159,rootcause3,0,0,1
2160,rootcause3,0,0,1
2161,rootcause3,0,0,1
2162,rootcause3,0,0,1
2163,rootcause3,0,0,1
2164,rootcause3,0,0,1
2165,rootcause3,0,0,1
2166,rootcause3,0,0,1
2167,rootcause3,0,0,1
2168,rootcause3,0,0,1
2169,rootcause3,0,0,1
2170,rootcause3,0,0,1
2171,rootcause1,1,0,0
2172,rootcause3,0,0,1
2173,rootcause3,0,0,1
2174,rootcause3,0,0,1
2175,rootcause3,0,0,1
2176,rootcause3,0,0,1
2177,rootcause3,0,0,1
2178,rootcause3,0,0,1
2179,rootcause3,0,0,1
2180,rootcause3,0,0,1
2181,rootcause3,0,0,1
2182,rootcause3,0,0,1
2183,rootcause3,0,0,1
2184,rootcause3,0,0,1
2185,rootcause3,0,0,1
2186,rootcause3,0,0,1
2187,rootcause3,0,0,1
2188,rootcause3,0,0,1
2189,rootcause3,0,0,1
2190,rootcause3,0,0,1
2191,rootcause3,0,0,1
2192,rootcause3,0,0,1
2193,rootcause3,0,0,1
2194,rootcause3,0,0,1
2195,rootcause3,0,0,1
2196,rootcause3,0,0,1
2197,rootcause3,0,0,1
2198,rootcause3,0,0,1
2199,rootcause3,0,0,1
2200,rootcause3,0,0,1
2201,rootcause3,0,0,1
2202,rootcause3,0,0,1
2203,rootcause3,0,0,1
2204,rootcause3,0,0,1
2205,rootcause1,1,0,0
2206,rootcause2&rootcause3,0,1,1
2207,rootcause3,0,0,1
2208,rootcause2,0,1,0
2209,rootcause3,0,0,1
2210,rootcause3,0,0,1
2211,rootcause2&rootcause3,0,1,1
2212,rootcause3,0,0,1
2213,rootcause3,0,0,1
2214,rootcause3,0,0,1
2215,rootcause3,0,0,1
2216,rootcause3,0,0,1
2217,rootcause3,0,0,1
2218,rootcause2,0,1,0
2219,rootcause3,0,0,1
2220,rootcause3,0,0,1
2221,rootcause3,0,0,1
2222,rootcause3,0,0,1
2223,rootcause3,0,0,1
2224,rootcause3,0,0,1
2225,rootcause3,0,0,1
2226,rootcause2&rootcause3,0,1,1
2227,rootcause2,0,1,0
2228,rootcause2,0,1,0
2229,rootcause2&rootcause3,0,1,1
2230,rootcause3,0,0,1
2231,rootcause1,1,0,0
2232,rootcause1,1,0,0
2233,rootcause3,0,0,1
2234,rootcause3,0,0,1
2235,rootcause3,0,0,1
2236,rootcause3,0,0,1
2237,rootcause3,0,0,1
2238,rootcause3,0,0,1
2239,rootcause3,0,0,1
2240,rootcause3,0,0,1
2241,rootcause3,0,0,1
2242,rootcause3,0,0,1
2243,rootcause3,0,0,1
2244,rootcause3,0,0,1
2245,rootcause3,0,0,1
2246,rootcause3,0,0,1
2247,rootcause3,0,0,1
2248,rootcause3,0,0,1
2249,rootcause3,0,0,1
2250,rootcause3,0,0,1
2251,rootcause3,0,0,1
2252,rootcause3,0,0,1
2253,rootcause3,0,0,1
2254,rootcause3,0,0,1
2255,rootcause3,0,0,1
2256,rootcause3,0,0,1
2257,rootcause3,0,0,1
2258,rootcause3,0,0,1
2259,rootcause3,0,0,1
2260,rootcause3,0,0,1
2261,rootcause3,0,0,1
2262,rootcause3,0,0,1
2263,rootcause3,0,0,1
2264,rootcause3,0,0,1
2265,rootcause3,0,0,1
2266,rootcause3,0,0,1
2267,rootcause3,0,0,1
2268,rootcause3,0,0,1
2269,rootcause3,0,0,1
2270,rootcause3,0,0,1
2271,rootcause3,0,0,1
2272,rootcause3,0,0,1
2273,rootcause3,0,0,1
2274,rootcause1,1,0,0
2275,rootcause3,0,0,1
2276,rootcause1,1,0,0
2277,rootcause3,0,0,1
2278,rootcause3,0,0,1
2279,rootcause3,0,0,1
2280,rootcause3,0,0,1
2281,rootcause3,0,0,1
2282,rootcause3,0,0,1
2283,rootcause3,0,0,1
2284,rootcause3,0,0,1
2285,rootcause1,1,0,0
2286,rootcause3,0,0,1
2287,rootcause3,0,0,1
2288,rootcause2&rootcause3,0,1,1
2289,rootcause2&rootcause3,0,1,1
2290,rootcause2&rootcause3,0,1,1
2291,rootcause2&rootcause3,0,1,1
2292,rootcause3,0,0,1
2293,rootcause3,0,0,1
2294,rootcause3,0,0,1
2295,rootcause3,0,0,1
2296,rootcause3,0,0,1
2297,rootcause3,0,0,1
2298,rootcause3,0,0,1
2299,rootcause3,0,0,1
2300,rootcause3,0,0,1
2301,rootcause3,0,0,1
2302,rootcause3,0,0,1
2303,rootcause1,1,0,0
2304,rootcause3,0,0,1
2305,rootcause3,0,0,1
2306,rootcause3,0,0,1
2307,rootcause3,0,0,1
2308,rootcause3,0,0,1
2309,rootcause3,0,0,1
2310,rootcause3,0,0,1
2311,rootcause3,0,0,1
2312,rootcause3,0,0,1
2313,rootcause3,0,0,1
2314,rootcause3,0,0,1
2315,rootcause3,0,0,1
2316,rootcause3,0,0,1
2317,rootcause3,0,0,1
2318,rootcause3,0,0,1
2319,rootcause3,0,0,1
2320,rootcause3,0,0,1
2321,rootcause3,0,0,1
2322,rootcause3,0,0,1
2323,rootcause3,0,0,1
2324,rootcause3,0,0,1
2325,rootcause3,0,0,1
2326,rootcause3,0,0,1
2327,rootcause3,0,0,1
2328,rootcause3,0,0,1
2329,rootcause3,0,0,1
2330,rootcause3,0,0,1
2331,rootcause3,0,0,1
2332,rootcause3,0,0,1
2333,rootcause3,0,0,1
2334,rootcause3,0,0,1
2335,rootcause3,0,0,1
2336,rootcause3,0,0,1
2337,rootcause3,0,0,1
2338,rootcause3,0,0,1
2339,rootcause3,0,0,1
2340,rootcause3,0,0,1
2341,rootcause3,0,0,1
2342,rootcause3,0,0,1
2343,rootcause3,0,0,1
2344,rootcause3,0,0,1
2345,rootcause3,0,0,1
2346,rootcause3,0,0,1
2347,rootcause3,0,0,1
2348,rootcause3,0,0,1
2349,rootcause3,0,0,1
2350,rootcause3,0,0,1
2351,rootcause2&rootcause3,0,1,1
2352,rootcause3,0,0,1
2353,rootcause3,0,0,1
2354,rootcause3,0,0,1
2355,rootcause3,0,0,1
2356,rootcause3,0,0,1
2357,rootcause3,0,0,1
2358,rootcause3,0,0,1
2359,rootcause3,0,0,1
2360,rootcause3,0,0,1
2361,rootcause1,1,0,0
2362,rootcause3,0,0,1
2363,rootcause3,0,0,1
2364,rootcause3,0,0,1
2365,rootcause3,0,0,1
2366,rootcause3,0,0,1
2367,rootcause1,1,0,0
2368,rootcause3,0,0,1
2369,rootcause3,0,0,1
2370,rootcause3,0,0,1
2371,rootcause3,0,0,1
2372,rootcause3,0,0,1
2373,rootcause3,0,0,1
2374,rootcause3,0,0,1
2375,rootcause3,0,0,1
2376,rootcause3,0,0,1
2377,rootcause3,0,0,1
2378,rootcause3,0,0,1
2379,rootcause3,0,0,1
2380,rootcause3,0,0,1
2381,rootcause3,0,0,1
2382,rootcause3,0,0,1
2383,rootcause3,0,0,1
2384,rootcause3,0,0,1
2385,rootcause3,0,0,1
2386,rootcause3,0,0,1
2387,rootcause3,0,0,1
2388,rootcause3,0,0,1
2389,rootcause3,0,0,1
2390,rootcause3,0,0,1
2391,rootcause3,0,0,1
2392,rootcause3,0,0,1
2393,rootcause3,0,0,1
2394,rootcause3,0,0,1
2395,rootcause3,0,0,1
2396,rootcause3,0,0,1
2397,rootcause3,0,0,1
2398,rootcause3,0,0,1
2399,rootcause3,0,0,1
2400,rootcause3,0,0,1
2401,rootcause3,0,0,1
2402,rootcause3,0,0,1
2403,rootcause3,0,0,1
2404,rootcause3,0,0,1
2405,rootcause3,0,0,1
2406,rootcause3,0,0,1
2407,rootcause3,0,0,1
2408,rootcause3,0,0,1
2409,rootcause3,0,0,1
2410,rootcause3,0,0,1
2411,rootcause3,0,0,1
2412,rootcause3,0,0,1
2413,rootcause3,0,0,1
2414,rootcause3,0,0,1
2415,rootcause3,0,0,1
2416,rootcause3,0,0,1
2417,rootcause3,0,0,1
2418,rootcause3,0,0,1
2419,rootcause3,0,0,1
2420,rootcause3,0,0,1
2421,rootcause3,0,0,1
2422,rootcause3,0,0,1
2423,rootcause3,0,0,1
2424,rootcause3,0,0,1
2425,rootcause1,1,0,0
2426,rootcause3,0,0,1
2427,rootcause3,0,0,1
2428,rootcause3,0,0,1
2429,rootcause3,0,0,1
2430,rootcause3,0,0,1
2431,rootcause3,0,0,1
2432,rootcause3,0,0,1
2433,rootcause3,0,0,1
2434,rootcause3,0,0,1
2435,rootcause3,0,0,1
2436,rootcause3,0,0,1
2437,rootcause3,0,0,1
2438,rootcause3,0,0,1
2439,rootcause3,0,0,1
2440,rootcause3,0,0,1
2441,rootcause3,0,0,1
2442,rootcause3,0,0,1
2443,rootcause3,0,0,1
2444,rootcause3,0,0,1
2445,rootcause3,0,0,1
2446,rootcause3,0,0,1
2447,rootcause3,0,0,1
2448,rootcause3,0,0,1
2449,rootcause3,0,0,1
2450,rootcause3,0,0,1
2451,rootcause3,0,0,1
2452,rootcause3,0,0,1
2453,rootcause3,0,0,1
2454,rootcause3,0,0,1
2455,rootcause3,0,0,1
2456,rootcause3,0,0,1
2457,rootcause3,0,0,1
2458,rootcause3,0,0,1
2459,rootcause3,0,0,1
2460,rootcause3,0,0,1
2461,rootcause3,0,0,1
2462,rootcause3,0,0,1
2463,rootcause3,0,0,1
2464,rootcause3,0,0,1
2465,rootcause3,0,0,1
2466,rootcause3,0,0,1
2467,rootcause3,0,0,1
2468,rootcause3,0,0,1
2469,rootcause3,0,0,1
2470,rootcause3,0,0,1
2471,rootcause3,0,0,1
2472,rootcause3,0,0,1
2473,rootcause3,0,0,1
2474,rootcause3,0,0,1
2475,rootcause3,0,0,1
2476,rootcause3,0,0,1
2477,rootcause3,0,0,1
2478,rootcause3,0,0,1
2479,rootcause3,0,0,1
2480,rootcause3,0,0,1
2481,rootcause3,0,0,1
2482,rootcause3,0,0,1
2483,rootcause3,0,0,1
2484,rootcause3,0,0,1
2485,rootcause3,0,0,1
2486,rootcause3,0,0,1
2487,rootcause3,0,0,1
2488,rootcause2&rootcause3,0,1,1
2489,rootcause3,0,0,1
2490,rootcause3,0,0,1
2491,rootcause3,0,0,1
2492,rootcause3,0,0,1
2493,rootcause3,0,0,1
2494,rootcause3,0,0,1
2495,rootcause3,0,0,1
2496,rootcause3,0,0,1
2497,rootcause3,0,0,1
2498,rootcause3,0,0,1
2499,rootcause3,0,0,1
2500,rootcause3,0,0,1
2501,rootcause3,0,0,1
2502,rootcause3,0,0,1
2503,rootcause3,0,0,1
2504,rootcause3,0,0,1
2505,rootcause3,0,0,1
2506,rootcause3,0,0,1
2507,rootcause3,0,0,1
2508,rootcause3,0,0,1
2509,rootcause3,0,0,1
2510,rootcause3,0,0,1
2511,rootcause1,1,0,0
2512,rootcause3,0,0,1
2513,rootcause3,0,0,1
2514,rootcause3,0,0,1
2515,rootcause3,0,0,1
2516,rootcause3,0,0,1
2517,rootcause1,1,0,0
2518,rootcause3,0,0,1
2519,rootcause3,0,0,1
2520,rootcause3,0,0,1
2521,rootcause3,0,0,1
2522,rootcause3,0,0,1
2523,rootcause3,0,0,1
2524,rootcause3,0,0,1
2525,rootcause1,1,0,0
2526,rootcause1,1,0,0
2527,rootcause1,1,0,0
2528,rootcause3,0,0,1
2529,rootcause3,0,0,1
2530,rootcause3,0,0,1
2531,rootcause3,0,0,1
2532,rootcause3,0,0,1
2533,rootcause3,0,0,1
2534,rootcause3,0,0,1
2535,rootcause3,0,0,1
2536,rootcause3,0,0,1
2537,rootcause3,0,0,1
2538,rootcause3,0,0,1
2539,rootcause3,0,0,1
2540,rootcause3,0,0,1
2541,rootcause3,0,0,1
2542,rootcause3,0,0,1
2543,rootcause3,0,0,1
2544,rootcause3,0,0,1
2545,rootcause3,0,0,1
2546,rootcause3,0,0,1
2547,rootcause3,0,0,1
2548,rootcause3,0,0,1
2549,rootcause1,1,0,0
2550,rootcause3,0,0,1
2551,rootcause3,0,0,1
2552,rootcause3,0,0,1
2553,rootcause3,0,0,1
2554,rootcause3,0,0,1
2555,rootcause3,0,0,1
2556,rootcause3,0,0,1
2557,rootcause3,0,0,1
2558,rootcause1,1,0,0
2559,rootcause1,1,0,0
2560,rootcause3,0,0,1
2561,rootcause3,0,0,1
2562,rootcause3,0,0,1
2563,rootcause3,0,0,1
2564,rootcause3,0,0,1
2565,rootcause1,1,0,0
2566,rootcause3,0,0,1
2567,rootcause3,0,0,1
2568,rootcause3,0,0,1
2569,rootcause3,0,0,1
2570,rootcause3,0,0,1
2571,rootcause3,0,0,1
2572,rootcause3,0,0,1
2573,rootcause3,0,0,1
2574,rootcause3,0,0,1
2575,rootcause3,0,0,1
2576,rootcause3,0,0,1
2577,rootcause3,0,0,1
2578,rootcause3,0,0,1
2579,rootcause3,0,0,1
2580,rootcause3,0,0,1
2581,rootcause3,0,0,1
2582,rootcause3,0,0,1
2583,rootcause3,0,0,1
2584,rootcause3,0,0,1
2585,rootcause3,0,0,1
2586,rootcause1,1,0,0
2587,rootcause1,1,0,0
2588,rootcause3,0,0,1
2589,rootcause3,0,0,1
2590,rootcause3,0,0,1
2591,rootcause3,0,0,1
2592,rootcause3,0,0,1
2593,rootcause3,0,0,1
2594,rootcause3,0,0,1
2595,rootcause3,0,0,1
2596,rootcause3,0,0,1
2597,rootcause3,0,0,1
2598,rootcause3,0,0,1
2599,rootcause3,0,0,1
2600,rootcause3,0,0,1
2601,rootcause3,0,0,1
2602,rootcause3,0,0,1
2603,rootcause1,1,0,0
2604,rootcause3,0,0,1
2605,rootcause1,1,0,0
2606,rootcause1,1,0,0
2607,rootcause3,0,0,1
2608,rootcause3,0,0,1
2609,rootcause3,0,0,1
2610,rootcause3,0,0,1
2611,rootcause3,0,0,1
2612,rootcause3,0,0,1
2613,rootcause1,1,0,0
2614,rootcause1,1,0,0
2615,rootcause3,0,0,1
2616,rootcause3,0,0,1
2617,rootcause3,0,0,1
2618,rootcause3,0,0,1
2619,rootcause3,0,0,1
2620,rootcause1,1,0,0
2621,rootcause3,0,0,1
2622,rootcause3,0,0,1
2623,rootcause3,0,0,1
2624,rootcause3,0,0,1
2625,rootcause3,0,0,1
2626,rootcause3,0,0,1
2627,rootcause3,0,0,1
2628,rootcause3,0,0,1
2629,rootcause3,0,0,1
2630,rootcause3,0,0,1
2631,rootcause3,0,0,1
2632,rootcause3,0,0,1
2633,rootcause3,0,0,1
2634,rootcause3,0,0,1
2635,rootcause3,0,0,1
2636,rootcause3,0,0,1
2637,rootcause3,0,0,1
2638,rootcause3,0,0,1
2639,rootcause3,0,0,1
2640,rootcause3,0,0,1
2641,rootcause3,0,0,1
2642,rootcause3,0,0,1
2643,rootcause3,0,0,1
2644,rootcause3,0,0,1
2645,rootcause3,0,0,1
2646,rootcause3,0,0,1
2647,rootcause3,0,0,1
2648,rootcause3,0,0,1
2649,rootcause3,0,0,1
2650,rootcause3,0,0,1
2651,rootcause3,0,0,1
2652,rootcause3,0,0,1
2653,rootcause3,0,0,1
2654,rootcause3,0,0,1
2655,rootcause3,0,0,1
2656,rootcause3,0,0,1
2657,rootcause3,0,0,1
2658,rootcause3,0,0,1
2659,rootcause3,0,0,1
2660,rootcause3,0,0,1
2661,rootcause3,0,0,1
2662,rootcause1,1,0,0
2663,rootcause3,0,0,1
2664,rootcause3,0,0,1
2665,rootcause3,0,0,1
2666,rootcause3,0,0,1
2667,rootcause3,0,0,1
2668,rootcause3,0,0,1
2669,rootcause3,0,0,1
2670,rootcause3,0,0,1
2671,rootcause3,0,0,1
2672,rootcause3,0,0,1
2673,rootcause3,0,0,1
2674,rootcause3,0,0,1
2675,rootcause3,0,0,1
2676,rootcause3,0,0,1
2677,rootcause3,0,0,1
2678,rootcause3,0,0,1
2679,rootcause3,0,0,1
2680,rootcause3,0,0,1
2681,rootcause3,0,0,1
2682,rootcause3,0,0,1
2683,rootcause3,0,0,1
2684,rootcause3,0,0,1
2685,rootcause3,0,0,1
2686,rootcause3,0,0,1
2687,rootcause3,0,0,1
2688,rootcause3,0,0,1
2689,rootcause3,0,0,1
2690,rootcause3,0,0,1
2691,rootcause3,0,0,1
2692,rootcause3,0,0,1
2693,rootcause3,0,0,1
2694,rootcause3,0,0,1
2695,rootcause3,0,0,1
2696,rootcause3,0,0,1
2697,rootcause3,0,0,1
2698,rootcause3,0,0,1
2699,rootcause3,0,0,1
2700,rootcause3,0,0,1
2701,rootcause3,0,0,1
2702,rootcause3,0,0,1
2703,rootcause3,0,0,1
2704,rootcause3,0,0,1
2705,rootcause3,0,0,1
2706,rootcause3,0,0,1
2707,rootcause3,0,0,1
2708,rootcause3,0,0,1
2709,rootcause3,0,0,1
2710,rootcause3,0,0,1
2711,rootcause3,0,0,1
2712,rootcause3,0,0,1
2713,rootcause3,0,0,1
2714,rootcause3,0,0,1
2715,rootcause3,0,0,1
2716,rootcause3,0,0,1
2717,rootcause3,0,0,1
2718,rootcause3,0,0,1
2719,rootcause3,0,0,1
2720,rootcause3,0,0,1
2721,rootcause3,0,0,1
2722,rootcause3,0,0,1
2723,rootcause3,0,0,1
2724,rootcause3,0,0,1
2725,rootcause1,1,0,0
2726,rootcause3,0,0,1
2727,rootcause3,0,0,1
2728,rootcause3,0,0,1
2729,rootcause3,0,0,1
2730,rootcause3,0,0,1
2731,rootcause3,0,0,1
2732,rootcause3,0,0,1
2733,rootcause3,0,0,1
2734,rootcause3,0,0,1
2735,rootcause3,0,0,1
2736,rootcause3,0,0,1
2737,rootcause3,0,0,1
2738,rootcause3,0,0,1
2739,rootcause3,0,0,1
2740,rootcause3,0,0,1
2741,rootcause3,0,0,1
2742,rootcause3,0,0,1
2743,rootcause3,0,0,1
2744,rootcause3,0,0,1
2745,rootcause3,0,0,1
2746,rootcause3,0,0,1
2747,rootcause3,0,0,1
2748,rootcause3,0,0,1
2749,rootcause3,0,0,1
2750,rootcause3,0,0,1
2751,rootcause3,0,0,1
2752,rootcause2&rootcause3,0,1,1
2753,rootcause3,0,0,1
2754,rootcause3,0,0,1
2755,rootcause3,0,0,1
2756,rootcause3,0,0,1
2757,rootcause3,0,0,1
2758,rootcause3,0,0,1
2759,rootcause3,0,0,1
2760,rootcause3,0,0,1
2761,rootcause3,0,0,1
2762,rootcause3,0,0,1
2763,rootcause3,0,0,1
2764,rootcause3,0,0,1
2765,rootcause3,0,0,1
2766,rootcause3,0,0,1
2767,rootcause3,0,0,1
2768,rootcause3,0,0,1
2769,rootcause3,0,0,1
2770,rootcause3,0,0,1
2771,rootcause3,0,0,1
2772,rootcause3,0,0,1
2773,rootcause3,0,0,1
2774,rootcause3,0,0,1
2775,rootcause3,0,0,1
2776,rootcause3,0,0,1
2777,rootcause3,0,0,1
2778,rootcause3,0,0,1
2779,rootcause3,0,0,1
2780,rootcause3,0,0,1
2781,rootcause3,0,0,1
2782,rootcause3,0,0,1
2783,rootcause3,0,0,1
2784,rootcause3,0,0,1
2785,rootcause3,0,0,1
2786,rootcause3,0,0,1
2787,rootcause3,0,0,1
2788,rootcause3,0,0,1
2789,rootcause3,0,0,1
2790,rootcause3,0,0,1
2791,rootcause3,0,0,1
2792,rootcause3,0,0,1
2793,rootcause3,0,0,1
2794,rootcause3,0,0,1
2795,rootcause3,0,0,1
2796,rootcause3,0,0,1
2797,rootcause3,0,0,1
2798,rootcause3,0,0,1
2799,rootcause3,0,0,1
2800,rootcause3,0,0,1
2801,rootcause3,0,0,1
2802,rootcause3,0,0,1
2803,rootcause3,0,0,1
2804,rootcause3,0,0,1
2805,rootcause3,0,0,1
2806,rootcause3,0,0,1
2807,rootcause3,0,0,1
2808,rootcause3,0,0,1
2809,rootcause3,0,0,1
2810,rootcause3,0,0,1
2811,rootcause3,0,0,1
2812,rootcause3,0,0,1
2813,rootcause3,0,0,1
2814,rootcause3,0,0,1
2815,rootcause3,0,0,1
2816,rootcause3,0,0,1
2817,rootcause3,0,0,1
2818,rootcause3,0,0,1
2819,rootcause3,0,0,1
2820,rootcause3,0,0,1
2821,rootcause3,0,0,1
2822,rootcause3,0,0,1
2823,rootcause3,0,0,1
2824,rootcause3,0,0,1
2825,rootcause3,0,0,1
2826,rootcause3,0,0,1
2827,rootcause3,0,0,1
2828,rootcause3,0,0,1
2829,rootcause3,0,0,1
2830,rootcause3,0,0,1
2831,rootcause3,0,0,1
2832,rootcause3,0,0,1
2833,rootcause3,0,0,1
2834,rootcause3,0,0,1
2835,rootcause3,0,0,1
2836,rootcause3,0,0,1
2837,rootcause3,0,0,1
2838,rootcause3,0,0,1
2839,rootcause3,0,0,1
2840,rootcause3,0,0,1
2841,rootcause3,0,0,1
2842,rootcause3,0,0,1
2843,rootcause3,0,0,1
2844,rootcause3,0,0,1
2845,rootcause3,0,0,1
2846,rootcause3,0,0,1
2847,rootcause3,0,0,1
2848,rootcause3,0,0,1
2849,rootcause3,0,0,1
2850,rootcause3,0,0,1
2851,rootcause3,0,0,1
2852,rootcause2&rootcause3,0,1,1
2853,rootcause3,0,0,1
2854,rootcause3,0,0,1
2855,rootcause3,0,0,1
2856,rootcause3,0,0,1
2857,rootcause3,0,0,1
2858,rootcause3,0,0,1
2859,rootcause3,0,0,1
2860,rootcause3,0,0,1
2861,rootcause3,0,0,1
2862,rootcause3,0,0,1
2863,rootcause3,0,0,1
2864,rootcause3,0,0,1
2865,rootcause3,0,0,1
2866,rootcause3,0,0,1
2867,rootcause3,0,0,1
2868,rootcause3,0,0,1
2869,rootcause3,0,0,1
2870,rootcause3,0,0,1
2871,rootcause3,0,0,1
2872,rootcause3,0,0,1
2873,rootcause3,0,0,1
2874,rootcause3,0,0,1
2875,rootcause3,0,0,1
2876,rootcause3,0,0,1
2877,rootcause3,0,0,1
2878,rootcause3,0,0,1
2879,rootcause3,0,0,1
2880,rootcause3,0,0,1
2881,rootcause3,0,0,1
2882,rootcause3,0,0,1
2883,rootcause3,0,0,1
2884,rootcause3,0,0,1
2885,rootcause3,0,0,1
2886,rootcause3,0,0,1
2887,rootcause3,0,0,1
2888,rootcause3,0,0,1
2889,rootcause3,0,0,1
2890,rootcause3,0,0,1
2891,rootcause3,0,0,1
2892,rootcause3,0,0,1
2893,rootcause3,0,0,1
2894,rootcause3,0,0,1
2895,rootcause3,0,0,1
2896,rootcause3,0,0,1
2897,rootcause3,0,0,1
2898,rootcause3,0,0,1
2899,rootcause3,0,0,1
2900,rootcause3,0,0,1
2901,rootcause3,0,0,1
2902,rootcause3,0,0,1
2903,rootcause3,0,0,1
2904,rootcause3,0,0,1
2905,rootcause3,0,0,1
2906,rootcause3,0,0,1
2907,rootcause3,0,0,1
2908,rootcause3,0,0,1
2909,rootcause3,0,0,1
2910,rootcause3,0,0,1
2911,rootcause3,0,0,1
2912,rootcause3,0,0,1
2913,rootcause3,0,0,1
2914,rootcause3,0,0,1
2915,rootcause3,0,0,1
2916,rootcause3,0,0,1
2917,rootcause1,1,0,0
2918,rootcause3,0,0,1
2919,rootcause3,0,0,1
2920,rootcause3,0,0,1
2921,rootcause3,0,0,1
2922,rootcause3,0,0,1
2923,rootcause3,0,0,1
2924,rootcause3,0,0,1
2925,rootcause3,0,0,1
2926,rootcause3,0,0,1
2927,rootcause3,0,0,1
2928,rootcause3,0,0,1
2929,rootcause3,0,0,1
2930,rootcause3,0,0,1
2931,rootcause3,0,0,1
2932,rootcause3,0,0,1
2933,rootcause3,0,0,1
2934,rootcause3,0,0,1
2935,rootcause3,0,0,1
2936,rootcause3,0,0,1
2937,rootcause3,0,0,1
2938,rootcause3,0,0,1
2939,rootcause3,0,0,1
2940,rootcause3,0,0,1
2941,rootcause3,0,0,1
2942,rootcause3,0,0,1
2943,rootcause3,0,0,1
2944,rootcause3,0,0,1
2945,rootcause3,0,0,1
2946,rootcause1,1,0,0
2947,rootcause3,0,0,1
2948,rootcause3,0,0,1
2949,rootcause3,0,0,1
2950,rootcause3,0,0,1
2951,rootcause3,0,0,1
2952,rootcause3,0,0,1
2953,rootcause3,0,0,1
2954,rootcause3,0,0,1
2955,rootcause3,0,0,1
2956,rootcause3,0,0,1
2957,rootcause3,0,0,1
2958,rootcause3,0,0,1
2959,rootcause3,0,0,1
2960,rootcause3,0,0,1
2961,rootcause3,0,0,1
2962,rootcause3,0,0,1
2963,rootcause3,0,0,1
2964,rootcause3,0,0,1
2965,rootcause3,0,0,1
2966,rootcause3,0,0,1
2967,rootcause3,0,0,1
2968,rootcause3,0,0,1
2969,rootcause3,0,0,1
2970,rootcause3,0,0,1
2971,rootcause3,0,0,1
2972,rootcause3,0,0,1
2973,rootcause3,0,0,1
2974,rootcause3,0,0,1
2975,rootcause3,0,0,1
2976,rootcause3,0,0,1
2977,rootcause3,0,0,1
2978,rootcause3,0,0,1
2979,rootcause3,0,0,1
2980,rootcause3,0,0,1
2981,rootcause3,0,0,1
2982,rootcause3,0,0,1
2983,rootcause3,0,0,1
